ccn,facility_name,parent_system,facilities_in_system,state,city,beds,has_ED,has_behavioral_unit,hos_majteach,hos_highdpp,hos_highuc,mandate_name,mandate_status,mandate_scope,effective_date,edm_seed_title,fit_pass,acute_need,event,gravity,forge_total,forge_tier,forge_rationale,is_qso_candidate,edm_seed_redacted
190064,OUR LADY OF THE LAKE REGIONAL MEDICAL CENTER,Franciscan Missionaries of Our Lady Health System,11,LA,Baton Rouge,976,True,True,1,1,0,R.S. 40:2199.11–.19 (Lynne Truxillo Act),In force,state,2022-08-01,Chief Executive Officer,True,3,3,3,27,A,Acute=3 (safety-net hospital (high DSH); proxy via AHRQ) · Event=3 (R.S. 40:2199.11–.19 (Lynne Truxillo Act) In force) · Gravity=3 (Chief Executive Officer at 976-bed system facility (11-facility)),True,True
310009,CLARA MAASS MEDICAL CENTER,RWJBarnabas Health,16,NJ,Belleville,472,True,True,0,0,1,N.J.S.A. 26:2H-5.17 (Violence Prevention in Health Care Facilities Act),In force,state,,President/CEO,True,3,3,3,27,A,Acute=3 (safety-net hospital (high UC); proxy via AHRQ) · Event=3 (N.J.S.A. 26:2H-5.17 (Violence Prevention In force) · Gravity=3 (President/CEO at 472-bed system facility (16-facility)),True,True
330101,NEW YORK-PRESBYTERIAN HOSPITAL,New York Presbyterian Healthcare System,8,NY,New York,2262,True,True,1,1,0,Ch.618/2025 (A203-B/S5294-B); Labor Law §27-b (public),Upcoming,state,2027-01-01,"Group SVP, CFO",True,3,3,3,27,A,"Acute=3 (safety-net hospital (high DSH); proxy via AHRQ) · Event=3 (Ch.618/2025 (A203-B/S5294-B); Labor Law  Upcoming ≤12mo (2027-01-01)) · Gravity=3 (Group SVP, CFO at 2262-bed system facility (8-facility))",True,True
450046,CHRISTUS SPOHN HOSPITAL CORPUS CHRISTI,Christus Health,32,TX,Corpus Christi,1040,True,True,0,0,1,"SB240 (88R, 2023) → Health & Safety Code Ch. 331",In force,state,2024-09-01,CEO,True,3,3,3,27,A,"Acute=3 (safety-net hospital (high UC); proxy via AHRQ) · Event=3 (SB240 (88R, 2023) → Health & Safety Code In force) · Gravity=3 (CEO at 1040-bed system facility (32-facility))",True,True
500064,HARBORVIEW MEDICAL CENTER,UW Medicine,4,WA,Seattle,413,True,True,1,1,0,RCW 49.19 (HB1162/SB5162 2025),In force,state,2026-01-01,Interim CEO,True,3,3,3,27,A,Acute=3 (safety-net hospital (high DSH); proxy via AHRQ) · Event=3 (RCW 49.19 (HB1162/SB5162 2025) In force) · Gravity=3 (Interim CEO at 413-bed system facility (4-facility)),True,True
030002,BANNER - UNIVERSITY MEDICAL CENTER PHOENIX,Banner Health,33,AZ,Phoenix,766,True,True,1,1,0,ARS §36-420.03 (SB1311),In force,state,2023-07-01,CEO,True,3,3,3,27,A,Acute=3 (safety-net hospital (high DSH); proxy via AHRQ) · Event=3 (ARS §36-420.03 (SB1311) In force) · Gravity=3 (CEO at 766-bed system facility (33-facility)),False,True
030006,TUCSON MEDICAL CENTER,TMC Healthcare,3,AZ,Tucson,596,True,True,0,0,1,ARS §36-420.03 (SB1311),In force,state,2023-07-01,CFO,True,3,3,3,27,A,Acute=3 (safety-net hospital (high UC); proxy via AHRQ) · Event=3 (ARS §36-420.03 (SB1311) In force) · Gravity=3 (CFO at 596-bed system facility (3-facility)),False,True
030023,FLAGSTAFF MEDICAL CENTER,Northern Arizona Healthcare,2,AZ,Flagstaff,264,True,True,0,1,0,ARS §36-420.03 (SB1311),In force,state,2023-07-01,Chief Operating Officer,True,3,3,3,27,A,Acute=3 (safety-net hospital (high DSH); proxy via AHRQ) · Event=3 (ARS §36-420.03 (SB1311) In force) · Gravity=3 (Chief Operating Officer at 264-bed system facility (2-facility)),False,True
050022,RIVERSIDE COMMUNITY HOSPITAL,HCA Healthcare,185,CA,Riverside,517,True,True,1,1,0,8 CCR §3342 / Labor Code §6401.8 (SB1299),In force,state,2018-04-01,Chief Executive Officer,True,3,3,3,27,A,Acute=3 (safety-net hospital (high DSH); proxy via AHRQ) · Event=3 (8 CCR §3342 / Labor Code §6401.8 (SB1299 In force) · Gravity=3 (Chief Executive Officer at 517-bed system facility (185-facility)),False,True
050026,GROSSMONT HOSPITAL,Sharp Healthcare,6,CA,El Cajon,536,True,True,0,1,0,8 CCR §3342 / Labor Code §6401.8 (SB1299),In force,state,2018-04-01,Director of finance,True,3,3,3,27,A,Acute=3 (safety-net hospital (high DSH); proxy via AHRQ) · Event=3 (8 CCR §3342 / Labor Code §6401.8 (SB1299 In force) · Gravity=3 (Director of finance at 536-bed system facility (6-facility)),False,True
050036,BAKERSFIELD MEMORIAL HOSPITAL,CommonSpirit Health,145,CA,Bakersfield,366,True,True,0,1,0,8 CCR §3342 / Labor Code §6401.8 (SB1299),In force,state,2018-04-01,President,True,3,3,3,27,A,Acute=3 (safety-net hospital (high DSH); proxy via AHRQ) · Event=3 (8 CCR §3342 / Labor Code §6401.8 (SB1299 In force) · Gravity=3 (President at 366-bed system facility (145-facility)),False,True
060001,BANNER NORTH COLORADO MEDICAL CENTER,Banner Health,33,CO,Greeley,378,True,True,1,1,0,SB25-166,Upcoming,state,2026-07-01,President,True,3,3,3,27,A,Acute=3 (safety-net hospital (high DSH); proxy via AHRQ) · Event=3 (SB25-166 Upcoming ≤12mo (2026-07-01)) · Gravity=3 (President at 378-bed system facility (33-facility)),False,True
060024,UNIVERSITY OF COLORADO HOSPITAL AUTHORITY,University of Colorado Health,12,CO,Aurora,858,True,True,1,1,0,SB25-166,Upcoming,state,2026-07-01,CFO,True,3,3,3,27,A,Acute=3 (safety-net hospital (high DSH); proxy via AHRQ) · Event=3 (SB25-166 Upcoming ≤12mo (2026-07-01)) · Gravity=3 (CFO at 858-bed system facility (12-facility)),False,True
060064,AdventHealth Porter,AdventHealth,42,CO,Denver,368,True,True,0,0,1,SB25-166,Upcoming,state,2026-07-01,CFO,True,3,3,3,27,A,Acute=3 (safety-net hospital (high UC); proxy via AHRQ) · Event=3 (SB25-166 Upcoming ≤12mo (2026-07-01)) · Gravity=3 (CFO at 368-bed system facility (42-facility)),False,True
070028,ST VINCENT'S MEDICAL CENTER,Hartford Healthcare,10,CT,Bridgeport,397,True,True,0,0,1,PA 11-175; PA 24-19; PA 26-12,Upcoming,state,2026-10-01,VP Finance,True,3,3,3,27,A,Acute=3 (safety-net hospital (high UC); proxy via AHRQ) · Event=3 (PA 11-175; PA 24-19; PA 26-12 Upcoming ≤12mo (2026-10-01)) · Gravity=3 (VP Finance at 397-bed system facility (10-facility)),False,True
140018,MT SINAI HOSPITAL MEDICAL CENTER,Sinai Health System,4,IL,Chicago,431,True,True,1,1,0,Health Care Violence Prevention Act 210 ILCS 160; HB3435 (2025),In force,state,2026-01-01,program director,True,3,3,3,27,A,Acute=3 (safety-net hospital (high DSH); proxy via AHRQ) · Event=3 (Health Care Violence Prevention Act 210  In force) · Gravity=3 (program director at 431-bed system facility (4-facility)),False,True
140048,ADVOCATE TRINITY HOSPITAL,Advocate Health,58,IL,Chicago,263,True,False,0,0,1,Health Care Violence Prevention Act 210 ILCS 160; HB3435 (2025),In force,state,2026-01-01,VP Managed Health,True,3,3,3,27,A,Acute=3 (safety-net hospital (high UC); proxy via AHRQ) · Event=3 (Health Care Violence Prevention Act 210  In force) · Gravity=3 (VP Managed Health at 263-bed system facility (58-facility)),False,True
140049,WEST SUBURBAN MEDICAL CENTER,Pipeline Health,7,IL,Oak Park,287,False,False,0,1,1,Health Care Violence Prevention Act 210 ILCS 160; HB3435 (2025),In force,state,2026-01-01,"System Director, Patient Financial",True,3,3,3,27,A,"Acute=3 (safety-net hospital (high DSH, high UC); proxy via AHRQ) · Event=3 (Health Care Violence Prevention Act 210  In force) · Gravity=3 (System Director, Patient Financial at 287-bed system facility (7-facility))",False,True
190005,UNIVERSITY MEDICAL CENTER NEW ORLEANS,LCMC Health System,11,LA,New Orleans,446,True,True,1,1,0,R.S. 40:2199.11–.19 (Lynne Truxillo Act),In force,state,2022-08-01,CEO,True,3,3,3,27,A,Acute=3 (safety-net hospital (high DSH); proxy via AHRQ) · Event=3 (R.S. 40:2199.11–.19 (Lynne Truxillo Act) In force) · Gravity=3 (CEO at 446-bed system facility (11-facility)),False,True
190026,RAPIDES REGIONAL MEDICAL CENTER,HCA Healthcare,185,LA,Alexandria,346,True,True,0,1,1,R.S. 40:2199.11–.19 (Lynne Truxillo Act),In force,state,2022-08-01,CFO,True,3,3,3,27,A,"Acute=3 (safety-net hospital (high DSH, high UC); proxy via AHRQ) · Event=3 (R.S. 40:2199.11–.19 (Lynne Truxillo Act) In force) · Gravity=3 (CFO at 346-bed system facility (185-facility))",False,True
190036,OCHSNER MEDICAL CENTER ACUTE,Ochsner Health System,36,LA,New Orleans,959,True,True,1,1,0,R.S. 40:2199.11–.19 (Lynne Truxillo Act),In force,state,2022-08-01,EVP and CFO,True,3,3,3,27,A,Acute=3 (safety-net hospital (high DSH); proxy via AHRQ) · Event=3 (R.S. 40:2199.11–.19 (Lynne Truxillo Act) In force) · Gravity=3 (EVP and CFO at 959-bed system facility (36-facility)),False,True
210002,UNIVERSITY OF MARYLAND MEDICAL CENTER,University of Maryland Medical System,13,MD,Baltimore,816,True,False,1,1,0,Davis Martinez Public Employee Safety & Health Act,Upcoming,state,2026-10-01,Credentialing Coordinator,True,3,3,3,27,A,Acute=3 (safety-net hospital (high DSH); proxy via AHRQ) · Event=3 (Davis Martinez Public Employee Safety &  Upcoming ≤12mo (2026-10-01)) · Gravity=3 (Credentialing Coordinator at 816-bed system facility (13-facility)),False,True
310002,NEWARK BETH ISRAEL MEDICAL CENTER,RWJBarnabas Health,16,NJ,Newark,665,True,True,1,1,1,N.J.S.A. 26:2H-5.17 (Violence Prevention in Health Care Facilities Act),In force,state,,Director/NICU,True,3,3,3,27,A,"Acute=3 (safety-net hospital (high DSH, high UC); proxy via AHRQ) · Event=3 (N.J.S.A. 26:2H-5.17 (Violence Prevention In force) · Gravity=3 (Director/NICU at 665-bed system facility (16-facility))",False,True
310016,HEIGHTS UNIVERSITY HOSPITAL,Carepoint Health,3,NJ,Jersey City,401,False,True,0,1,1,N.J.S.A. 26:2H-5.17 (Violence Prevention in Health Care Facilities Act),In force,state,,System Director of Medical Staff,True,3,3,3,27,A,"Acute=3 (safety-net hospital (high DSH, high UC); proxy via AHRQ) · Event=3 (N.J.S.A. 26:2H-5.17 (Violence Prevention In force) · Gravity=3 (System Director of Medical Staff at 401-bed system facility (3-facility))",False,True
330014,JAMAICA HOSPITAL MEDICAL CENTER,Medisys Health Network,2,NY,Richmond Hill,424,True,True,1,1,0,Ch.618/2025 (A203-B/S5294-B); Labor Law §27-b (public),Upcoming,state,2027-01-01,CFO,True,3,3,3,27,A,Acute=3 (safety-net hospital (high DSH); proxy via AHRQ) · Event=3 (Ch.618/2025 (A203-B/S5294-B); Labor Law  Upcoming ≤12mo (2027-01-01)) · Gravity=3 (CFO at 424-bed system facility (2-facility)),False,True
330027,NASSAU UNIVERSITY MEDICAL CENTER,Northwell Health,19,NY,East Meadow,530,True,True,1,1,1,Ch.618/2025 (A203-B/S5294-B); Labor Law §27-b (public),Upcoming,state,2027-01-01,Chief Financial Officer,True,3,3,3,27,A,"Acute=3 (safety-net hospital (high DSH, high UC); proxy via AHRQ) · Event=3 (Ch.618/2025 (A203-B/S5294-B); Labor Law  Upcoming ≤12mo (2027-01-01)) · Gravity=3 (Chief Financial Officer at 530-bed system facility (19-facility))",False,True
330059,MONTEFIORE MEDICAL CENTER,Montefiore Medical Center,8,NY,Bronx,1491,True,True,1,1,0,Ch.618/2025 (A203-B/S5294-B); Labor Law §27-b (public),Upcoming,state,2027-01-01,Associate Director of Attending Ser,True,3,3,3,27,A,Acute=3 (safety-net hospital (high DSH); proxy via AHRQ) · Event=3 (Ch.618/2025 (A203-B/S5294-B); Labor Law  Upcoming ≤12mo (2027-01-01)) · Gravity=3 (Associate Director of Attending Ser at 1491-bed system facility (8-facility)),False,True
380018,ASANTE ROGUE REGIONAL MEDICAL CENTER,Asante Health System,3,OR,Medford,378,True,True,0,1,0,ORS 654.412 (HB2022) + SB537 (2025),In force,state,2026-01-01,Chief Finance Officer,True,3,3,3,27,A,Acute=3 (safety-net hospital (high DSH); proxy via AHRQ) · Event=3 (ORS 654.412 (HB2022) + SB537 (2025) In force) · Gravity=3 (Chief Finance Officer at 378-bed system facility (3-facility)),False,True
450029,LAREDO MEDICAL CENTER,Community Health Systems,81,TX,Laredo,326,True,False,0,1,1,"SB240 (88R, 2023) → Health & Safety Code Ch. 331",In force,state,2024-09-01,Director/Delegated Official,True,3,3,3,27,A,"Acute=3 (safety-net hospital (high DSH, high UC); proxy via AHRQ) · Event=3 (SB240 (88R, 2023) → Health & Safety Code In force) · Gravity=3 (Director/Delegated Official at 326-bed system facility (81-facility))",False,True
450033,VHS HARLINGEN HOSPITAL COMPANY LLC,Tenet Healthcare,77,TX,Harlingen,578,True,True,0,1,0,"SB240 (88R, 2023) → Health & Safety Code Ch. 331",In force,state,2024-09-01,CFO,True,3,3,3,27,A,"Acute=3 (safety-net hospital (high DSH); proxy via AHRQ) · Event=3 (SB240 (88R, 2023) → Health & Safety Code In force) · Gravity=3 (CFO at 578-bed system facility (77-facility))",False,True
500011,HIGHLINE MEDICAL CENTER,CommonSpirit Health,145,WA,Burien,279,True,True,0,0,1,RCW 49.19 (HB1162/SB5162 2025),In force,state,2026-01-01,COO,True,3,3,3,27,A,Acute=3 (safety-net hospital (high UC); proxy via AHRQ) · Event=3 (RCW 49.19 (HB1162/SB5162 2025) In force) · Gravity=3 (COO at 279-bed system facility (145-facility)),False,True
500044,DEACONESS MEDICAL CENTER,Multicare Health System,11,WA,Spokane,388,True,True,0,1,0,RCW 49.19 (HB1162/SB5162 2025),In force,state,2026-01-01,Director Patient Financial Services,True,3,3,3,27,A,Acute=3 (safety-net hospital (high DSH); proxy via AHRQ) · Event=3 (RCW 49.19 (HB1162/SB5162 2025) In force) · Gravity=3 (Director Patient Financial Services at 388-bed system facility (11-facility)),False,True
070005,WATERBURY HOSPITAL,Prospect Medical Holdings,13,CT,Waterbury,357,True,True,0,0,0,PA 11-175; PA 24-19; PA 26-12,Upcoming,state,2026-10-01,Chief Financial Officer,True,2,3,3,18,A,Acute=2 (higher-acuity (behavioral health unit); proxy) · Event=3 (PA 11-175; PA 24-19; PA 26-12 Upcoming ≤12mo (2026-10-01)) · Gravity=3 (Chief Financial Officer at 357-bed system facility (13-facility)),False,True
070007,LAWRENCE & MEMORIAL HOSPITAL,Yale New Haven Health System,7,CT,Groton,280,True,True,0,0,0,PA 11-175; PA 24-19; PA 26-12,Upcoming,state,2026-10-01,President & CEO,True,2,3,3,18,A,Acute=2 (higher-acuity (behavioral health unit); proxy) · Event=3 (PA 11-175; PA 24-19; PA 26-12 Upcoming ≤12mo (2026-10-01)) · Gravity=3 (President & CEO at 280-bed system facility (7-facility)),False,True
220116,TUFTS MEDICAL CENTER,Wellforce,4,MA,Boston,415,True,True,1,1,0,H.4767 / S.1718,Upcoming,state,,GME housestaff coordinator,True,3,2,3,18,A,Acute=3 (safety-net hospital (high DSH); proxy via AHRQ) · Event=2 (H.4767 / S.1718 Upcoming (no date)) · Gravity=3 (GME housestaff coordinator at 415-bed system facility (4-facility)),False,True
210008,MERCY MEDICAL CENTER INC,Mercy Medical Center,1,MD,Baltimore,285,True,False,1,1,0,Davis Martinez Public Employee Safety & Health Act,Upcoming,state,2026-10-01,Chief Financial Officer,True,3,3,2,18,A,"Acute=3 (safety-net hospital (high DSH); proxy via AHRQ) · Event=3 (Davis Martinez Public Employee Safety &  Upcoming ≤12mo (2026-10-01)) · Gravity=2 (Chief Financial Officer (beds=285, sys_facilities=1))",False,True
210009,"JOHNS HOPKINS HOSPITAL, THE",Johns Hopkins Health System,6,MD,Baltimore,1025,True,True,1,0,0,Davis Martinez Public Employee Safety & Health Act,Upcoming,state,2026-10-01,Director for Medical Staff Administ,True,2,3,3,18,A,"Acute=2 (higher-acuity (major teaching, behavioral health unit); proxy) · Event=3 (Davis Martinez Public Employee Safety &  Upcoming ≤12mo (2026-10-01)) · Gravity=3 (Director for Medical Staff Administ at 1025-bed system facility (6-facility))",False,True
340001,CAROLINAS MEDICAL CENTER-NORTHEAST,Advocate Health,58,NC,Concord,457,True,True,0,0,0,HB125 (SL 2023-129); GS §14-34.6,In force,state,2023-10-01,Sr. VP of Physician Services,True,2,3,3,18,A,Acute=2 (higher-acuity (behavioral health unit); proxy) · Event=3 (HB125 (SL 2023-129); GS §14-34.6 In force) · Gravity=3 (Sr. VP of Physician Services at 457-bed system facility (58-facility)),False,True
340010,UNC HEALTH CARE WAYNE,UNC Health Care System,15,NC,Carrboro,316,True,True,0,0,0,HB125 (SL 2023-129); GS §14-34.6,In force,state,2023-10-01,Director,True,2,3,3,18,A,Acute=2 (higher-acuity (behavioral health unit); proxy) · Event=3 (HB125 (SL 2023-129); GS §14-34.6 In force) · Gravity=3 (Director at 316-bed system facility (15-facility)),False,True
340014,NOVANT HEALTH FORSYTH MEDICAL CENTER,Novant Health,13,NC,Winston Salem,912,True,True,0,0,0,HB125 (SL 2023-129); GS §14-34.6,In force,state,2023-10-01,EVP/CFO,True,2,3,3,18,A,Acute=2 (higher-acuity (behavioral health unit); proxy) · Event=3 (HB125 (SL 2023-129); GS §14-34.6 In force) · Gravity=3 (EVP/CFO at 912-bed system facility (13-facility)),False,True
380001,MID-COLUMBIA MEDICAL CENTER,Adventist Health,28,OR,The Dalles,49,True,False,0,0,1,ORS 654.412 (HB2022) + SB537 (2025),In force,state,2026-01-01,Service Area President,True,3,3,2,18,A,"Acute=3 (safety-net hospital (high UC); proxy via AHRQ) · Event=3 (ORS 654.412 (HB2022) + SB537 (2025) In force) · Gravity=2 (Service Area President (beds=49, sys_facilities=28))",False,True
380004,PROVIDENCE ST VINCENT MEDICAL CENTER,Providence,54,OR,Portland,523,True,True,0,0,0,ORS 654.412 (HB2022) + SB537 (2025),In force,state,2026-01-01,CHIEF FIANCE OFFICER,True,2,3,3,18,A,Acute=2 (higher-acuity (behavioral health unit); proxy) · Event=3 (ORS 654.412 (HB2022) + SB537 (2025) In force) · Gravity=3 (CHIEF FIANCE OFFICER at 523-bed system facility (54-facility)),False,True
220010,MERRIMACK HEALTH LAWRENCE HOSPITAL,Lawrence General Hospital,1,MA,Lawrence,189,True,False,0,1,0,H.4767 / S.1718,Upcoming,state,,CFO,True,3,2,2,12,A,"Acute=3 (safety-net hospital (high DSH); proxy via AHRQ) · Event=2 (H.4767 / S.1718 Upcoming (no date)) · Gravity=2 (CFO (beds=189, sys_facilities=1))",False,True
220011,CAMBRIDGE HEALTH ALLIANCE,Cambridge Health Alliance,1,MA,Cambridge,159,True,True,0,1,1,H.4767 / S.1718,Upcoming,state,,Coordinator,True,3,2,2,12,A,"Acute=3 (safety-net hospital (high DSH, high UC); proxy via AHRQ) · Event=2 (H.4767 / S.1718 Upcoming (no date)) · Gravity=2 (Coordinator (beds=159, sys_facilities=1))",False,True
030036,CHANDLER REGIONAL MEDICAL CENTER,CommonSpirit Health,145,AZ,Chandler,429,True,False,0,0,0,ARS §36-420.03 (SB1311),In force,state,2023-07-01,Chief Financial Officer,True,1,3,3,9,B,Acute=1 (no AHRQ proxy signal; Tier-B will refine) · Event=3 (ARS §36-420.03 (SB1311) In force) · Gravity=3 (Chief Financial Officer at 429-bed system facility (145-facility)),False,True
030061,BANNER BOSWELL MEDICAL CENTER,Banner Health,33,AZ,Sun City,434,True,False,0,0,0,ARS §36-420.03 (SB1311),In force,state,2023-07-01,CFO,True,1,3,3,9,B,Acute=1 (no AHRQ proxy signal; Tier-B will refine) · Event=3 (ARS §36-420.03 (SB1311) In force) · Gravity=3 (CFO at 434-bed system facility (33-facility)),False,True
030085,NORTHWEST MEDICAL CENTER,Community Health Systems,81,AZ,Tucson,300,True,False,0,0,0,ARS §36-420.03 (SB1311),In force,state,2023-07-01,Director/Delegated Official,True,1,3,3,9,B,Acute=1 (no AHRQ proxy signal; Tier-B will refine) · Event=3 (ARS §36-420.03 (SB1311) In force) · Gravity=3 (Director/Delegated Official at 300-bed system facility (81-facility)),False,True
050006,PROVIDENCE ST JOSEPH HOSPITAL,Providence,54,CA,Chewelah,140,True,True,0,1,0,8 CCR §3342 / Labor Code §6401.8 (SB1299),In force,state,2018-04-01,ASSISTANT SECRETARY FOR ENROLLMENT,True,3,3,1,9,B,Acute=3 (safety-net hospital (high DSH); proxy via AHRQ) · Event=3 (8 CCR §3342 / Labor Code §6401.8 (SB1299 In force) · Gravity=1 (non-exec title: ASSISTANT SECRETARY FOR ENROLLMENT),False,True
050009,PROVIDENCE QUEEN OF THE VALLEY MEDICAL CENTER,Providence,54,CA,Napa,147,True,False,0,0,1,8 CCR §3342 / Labor Code §6401.8 (SB1299),In force,state,2018-04-01,Assistant Secretary of Enrollments,True,3,3,1,9,B,Acute=3 (safety-net hospital (high UC); proxy via AHRQ) · Event=3 (8 CCR §3342 / Labor Code §6401.8 (SB1299 In force) · Gravity=1 (non-exec title: Assistant Secretary of Enrollments),False,True
050017,MERCY GENERAL HOSPITAL,CommonSpirit Health,145,CA,Sacramento,419,True,False,0,0,0,8 CCR §3342 / Labor Code §6401.8 (SB1299),In force,state,2018-04-01,Chief Financial Officer,True,1,3,3,9,B,Acute=1 (no AHRQ proxy signal; Tier-B will refine) · Event=3 (8 CCR §3342 / Labor Code §6401.8 (SB1299 In force) · Gravity=3 (Chief Financial Officer at 419-bed system facility (145-facility)),False,True
070003,DAY KIMBALL HOSPITAL,Day Kimball Healthcare,1,CT,Vernon,104,True,True,0,0,1,PA 11-175; PA 24-19; PA 26-12,Upcoming,state,2026-10-01,Nurse Practitioner,True,3,3,1,9,B,Acute=3 (safety-net hospital (high UC); proxy via AHRQ) · Event=3 (PA 11-175; PA 24-19; PA 26-12 Upcoming ≤12mo (2026-10-01)) · Gravity=1 (non-exec title: Nurse Practitioner),False,True
140030,ADVOCATE SHERMAN HOSPITAL,Advocate Health,58,IL,Elgin,255,True,False,0,0,0,Health Care Violence Prevention Act 210 ILCS 160; HB3435 (2025),In force,state,2026-01-01,VP Managed Health,True,1,3,3,9,B,Acute=1 (no AHRQ proxy signal; Tier-B will refine) · Event=3 (Health Care Violence Prevention Act 210  In force) · Gravity=3 (VP Managed Health at 255-bed system facility (58-facility)),False,True
140063,RUSH OAK PARK HOSPITAL,Rush System for Health,3,IL,Oak Park,296,True,False,0,0,0,Health Care Violence Prevention Act 210 ILCS 160; HB3435 (2025),In force,state,2026-01-01,VP & General Counsel,True,1,3,3,9,B,Acute=1 (no AHRQ proxy signal; Tier-B will refine) · Event=3 (Health Care Violence Prevention Act 210  In force) · Gravity=3 (VP & General Counsel at 296-bed system facility (3-facility)),False,True
140091,CARLE FOUNDATION HOSPITAL,The Carle Foundation,8,IL,Urbana,316,True,False,0,0,0,Health Care Violence Prevention Act 210 ILCS 160; HB3435 (2025),In force,state,2026-01-01,Chief Financial Officer,True,1,3,3,9,B,Acute=1 (no AHRQ proxy signal; Tier-B will refine) · Event=3 (Health Care Violence Prevention Act 210  In force) · Gravity=3 (Chief Financial Officer at 316-bed system facility (8-facility)),False,True
190015,NORTH OAKS MEDICAL CENTER,North Oaks Health System,2,LA,Hammond,330,True,False,0,0,0,R.S. 40:2199.11–.19 (Lynne Truxillo Act),In force,state,2022-08-01,CFO,True,1,3,3,9,B,Acute=1 (no AHRQ proxy signal; Tier-B will refine) · Event=3 (R.S. 40:2199.11–.19 (Lynne Truxillo Act) In force) · Gravity=3 (CFO at 330-bed system facility (2-facility)),False,True
194020,BRENTWOOD HOSPITAL,Universal Health Services,158,LA,Shreveport,260,False,False,0,0,0,R.S. 40:2199.11–.19 (Lynne Truxillo Act),In force,state,2022-08-01,Vice President,True,1,3,3,9,B,Acute=1 (no AHRQ proxy signal; Tier-B will refine) · Event=3 (R.S. 40:2199.11–.19 (Lynne Truxillo Act) In force) · Gravity=3 (Vice President at 260-bed system facility (158-facility)),False,True
210004,HOLY CROSS HOSPITAL,Trinity Health,105,MD,Silver Spring,422,False,False,0,0,0,Davis Martinez Public Employee Safety & Health Act,Upcoming,state,2026-10-01,VP & CFO,True,1,3,3,9,B,Acute=1 (no AHRQ proxy signal; Tier-B will refine) · Event=3 (Davis Martinez Public Employee Safety &  Upcoming ≤12mo (2026-10-01)) · Gravity=3 (VP & CFO at 422-bed system facility (105-facility)),False,True
210016,ADVENTIST HEALTHCARE WHITE OAK MEDICAL CENTER,Adventist Healthcare,6,MD,Silver Spring,298,True,False,0,0,0,Davis Martinez Public Employee Safety & Health Act,Upcoming,state,2026-10-01,EVP/CFO,True,1,3,3,9,B,Acute=1 (no AHRQ proxy signal; Tier-B will refine) · Event=3 (Davis Martinez Public Employee Safety &  Upcoming ≤12mo (2026-10-01)) · Gravity=3 (EVP/CFO at 298-bed system facility (6-facility)),False,True
340004,HIGH POINT REGIONAL HEALTH SYSTEM,Advocate Health,58,NC,High Point,354,True,False,0,0,0,HB125 (SL 2023-129); GS §14-34.6,In force,state,2023-10-01,Chief Financial Officer,True,1,3,3,9,B,Acute=1 (no AHRQ proxy signal; Tier-B will refine) · Event=3 (HB125 (SL 2023-129); GS §14-34.6 In force) · Gravity=3 (Chief Financial Officer at 354-bed system facility (58-facility)),False,True
340050,SOUTHEASTERN REGIONAL MEDICAL CENTER,UNC Health Care System,15,NC,Lumberton,314,True,True,1,1,0,HB125 (SL 2023-129); GS §14-34.6,In force,state,2023-10-01,Administrative Assistant,True,3,3,1,9,B,Acute=3 (safety-net hospital (high DSH); proxy via AHRQ) · Event=3 (HB125 (SL 2023-129); GS §14-34.6 In force) · Gravity=1 (non-exec title: Administrative Assistant),False,True
340098,ATRIUM HEALTH PINEVILLE,Advocate Health,58,NC,Charlotte,344,True,False,0,0,0,HB125 (SL 2023-129); GS §14-34.6,In force,state,2023-10-01,Vice President of Finance,True,1,3,3,9,B,Acute=1 (no AHRQ proxy signal; Tier-B will refine) · Event=3 (HB125 (SL 2023-129); GS §14-34.6 In force) · Gravity=3 (Vice President of Finance at 344-bed system facility (58-facility)),False,True
310038,ROBERT WOOD JOHNSON UNIVERSITY HOSPITAL,RWJBarnabas Health,16,NJ,New Brunswick,610,True,False,1,0,1,N.J.S.A. 26:2H-5.17 (Violence Prevention in Health Care Facilities Act),In force,state,,Fellow,True,3,3,1,9,B,Acute=3 (safety-net hospital (high UC); proxy via AHRQ) · Event=3 (N.J.S.A. 26:2H-5.17 (Violence Prevention In force) · Gravity=1 (non-exec title: Fellow),False,True
310044,CAPITAL HEALTH MEDICAL CENTER - HOPEWELL,Capital Health System,2,NJ,Pennington,344,True,False,0,0,0,N.J.S.A. 26:2H-5.17 (Violence Prevention in Health Care Facilities Act),In force,state,,Director of Patient Accounts,True,1,3,3,9,B,Acute=1 (no AHRQ proxy signal; Tier-B will refine) · Event=3 (N.J.S.A. 26:2H-5.17 (Violence Prevention In force) · Gravity=3 (Director of Patient Accounts at 344-bed system facility (2-facility)),False,True
310108,JFK UNIVERSITY MEDICAL CENTER,Hackensack Meridian Health,13,NJ,Edison,459,True,False,0,0,0,N.J.S.A. 26:2H-5.17 (Violence Prevention in Health Care Facilities Act),In force,state,,"SR Vice President,  CFO",True,1,3,3,9,B,"Acute=1 (no AHRQ proxy signal; Tier-B will refine) · Event=3 (N.J.S.A. 26:2H-5.17 (Violence Prevention In force) · Gravity=3 (SR Vice President,  CFO at 459-bed system facility (13-facility))",False,True
330024,MOUNT SINAI HOSPITAL,Mount Sinai Health System,5,NY,New York,1171,True,True,1,1,0,Ch.618/2025 (A203-B/S5294-B); Labor Law §27-b (public),Upcoming,state,2027-01-01,Senior Dietitian,True,3,3,1,9,B,Acute=3 (safety-net hospital (high DSH); proxy via AHRQ) · Event=3 (Ch.618/2025 (A203-B/S5294-B); Labor Law  Upcoming ≤12mo (2027-01-01)) · Gravity=1 (non-exec title: Senior Dietitian),False,True
330046,MOUNT SINAI WEST,Mount Sinai Health System,5,NY,New York,1028,True,True,1,1,0,Ch.618/2025 (A203-B/S5294-B); Labor Law §27-b (public),Upcoming,state,2027-01-01,Genetic Counselor,True,3,3,1,9,B,Acute=3 (safety-net hospital (high DSH); proxy via AHRQ) · Event=3 (Ch.618/2025 (A203-B/S5294-B); Labor Law  Upcoming ≤12mo (2027-01-01)) · Gravity=1 (non-exec title: Genetic Counselor),False,True
330057,ST PETER'S HOSPITAL,Trinity Health,105,NY,Albany,482,True,False,0,0,0,Ch.618/2025 (A203-B/S5294-B); Labor Law §27-b (public),Upcoming,state,2027-01-01,CFO,True,1,3,3,9,B,Acute=1 (no AHRQ proxy signal; Tier-B will refine) · Event=3 (Ch.618/2025 (A203-B/S5294-B); Labor Law  Upcoming ≤12mo (2027-01-01)) · Gravity=3 (CFO at 482-bed system facility (105-facility)),False,True
380075,PROVIDENCE MEDFORD MEDICAL CENTER,Providence,54,OR,Medford,168,True,False,0,0,1,ORS 654.412 (HB2022) + SB537 (2025),In force,state,2026-01-01,ASSISTANT SECRETARY OF ENROLLMENTS,True,3,3,1,9,B,Acute=3 (safety-net hospital (high UC); proxy via AHRQ) · Event=3 (ORS 654.412 (HB2022) + SB537 (2025) In force) · Gravity=1 (non-exec title: ASSISTANT SECRETARY OF ENROLLMENTS),False,True
380091,KAISER SUNNYSIDE MEDICAL CENTER,Kaiser Permanente,41,OR,Clackamas,329,True,False,0,0,0,ORS 654.412 (HB2022) + SB537 (2025),In force,state,2026-01-01,"Executive Director, Revenue Cycle",True,1,3,3,9,B,"Acute=1 (no AHRQ proxy signal; Tier-B will refine) · Event=3 (ORS 654.412 (HB2022) + SB537 (2025) In force) · Gravity=3 (Executive Director, Revenue Cycle at 329-bed system facility (41-facility))",False,True
450032,CHRISTUS GOOD SHEPHERD MEDICAL CENTER,Christus Health,32,TX,Longview,456,True,False,0,0,0,"SB240 (88R, 2023) → Health & Safety Code Ch. 331",In force,state,2024-09-01,CEO,True,1,3,3,9,B,"Acute=1 (no AHRQ proxy signal; Tier-B will refine) · Event=3 (SB240 (88R, 2023) → Health & Safety Code In force) · Gravity=3 (CEO at 456-bed system facility (32-facility))",False,True
450035,ST JOSEPH MEDICAL CENTER,Steward Health Care System,36,TX,Bryan,314,True,True,0,1,1,"SB240 (88R, 2023) → Health & Safety Code Ch. 331",In force,state,2024-09-01,Accounts Receivable Associate,True,3,3,1,9,B,"Acute=3 (safety-net hospital (high DSH, high UC); proxy via AHRQ) · Event=3 (SB240 (88R, 2023) → Health & Safety Code In force) · Gravity=1 (non-exec title: Accounts Receivable Associate)",False,True
450101,BAYLOR SCOTT & WHITE MEDICAL CENTER HILLCREST,Baylor Scott and White Health,31,TX,Waco,260,True,False,0,0,0,"SB240 (88R, 2023) → Health & Safety Code Ch. 331",In force,state,2024-09-01,CFO,True,1,3,3,9,B,"Acute=1 (no AHRQ proxy signal; Tier-B will refine) · Event=3 (SB240 (88R, 2023) → Health & Safety Code In force) · Gravity=3 (CFO at 260-bed system facility (31-facility))",False,True
500027,SWEDISH MEDICAL CENTER,Providence,54,WA,Seattle,697,True,True,0,1,0,RCW 49.19 (HB1162/SB5162 2025),In force,state,2026-01-01,ASSISTANT SECREATRY FOR ENROLLMENT,True,3,3,1,9,B,Acute=3 (safety-net hospital (high DSH); proxy via AHRQ) · Event=3 (RCW 49.19 (HB1162/SB5162 2025) In force) · Gravity=1 (non-exec title: ASSISTANT SECREATRY FOR ENROLLMENT),False,True
500039,HARRISON MEDICAL CENTER,CommonSpirit Health,145,WA,Silverdale,297,True,False,0,0,0,RCW 49.19 (HB1162/SB5162 2025),In force,state,2026-01-01,President,True,1,3,3,9,B,Acute=1 (no AHRQ proxy signal; Tier-B will refine) · Event=3 (RCW 49.19 (HB1162/SB5162 2025) In force) · Gravity=3 (President at 297-bed system facility (145-facility)),False,True
500054,PROV SACRED HRT MED CTR & CHILDS HOSP.,Providence,54,WA,Spokane,615,True,True,0,1,0,RCW 49.19 (HB1162/SB5162 2025),In force,state,2026-01-01,Assistant Secretary for Enrollment,True,3,3,1,9,B,Acute=3 (safety-net hospital (high DSH); proxy via AHRQ) · Event=3 (RCW 49.19 (HB1162/SB5162 2025) In force) · Gravity=1 (non-exec title: Assistant Secretary for Enrollment),False,True
220002,MOUNT AUBURN HOSPITAL,Beth Israel Lahey Health,10,MA,Cambridge,217,True,True,1,0,0,H.4767 / S.1718,Upcoming,state,,CFO,True,2,2,2,8,B,"Acute=2 (higher-acuity (major teaching, behavioral health unit); proxy) · Event=2 (H.4767 / S.1718 Upcoming (no date)) · Gravity=2 (CFO (beds=217, sys_facilities=10))",False,True
220016,BAYSTATE FRANKLIN MEDICAL CENTER,Baystate Health,4,MA,Greenfield,92,True,True,0,0,0,H.4767 / S.1718,Upcoming,state,,"Sr VP, CFO & Treas, Baystate Health",True,2,2,2,8,B,"Acute=2 (higher-acuity (behavioral health unit); proxy) · Event=2 (H.4767 / S.1718 Upcoming (no date)) · Gravity=2 (Sr VP, CFO & Treas, Baystate Health (beds=92, sys_facilities=4))",False,True
220020,SAINT ANNE'S HOSPITAL,Steward Health Care System,36,MA,Fall River,160,True,True,0,0,0,H.4767 / S.1718,Upcoming,state,,Director,True,2,2,2,8,B,"Acute=2 (higher-acuity (behavioral health unit); proxy) · Event=2 (H.4767 / S.1718 Upcoming (no date)) · Gravity=2 (Director (beds=160, sys_facilities=36))",False,True
060004,INTERMOUNTAIN HEALTH PLATTE VALLEY HOSPITAL,Intermountain Healthcare,33,CO,Brighton,98,True,False,0,0,0,SB25-166,Upcoming,state,2026-07-01,VP Fiance,True,1,3,2,6,B,"Acute=1 (no AHRQ proxy signal; Tier-B will refine) · Event=3 (SB25-166 Upcoming ≤12mo (2026-07-01)) · Gravity=2 (VP Fiance (beds=98, sys_facilities=33))",False,True
060006,MONTROSE REGIONAL HEALTH,Community Hospital Corporation,20,CO,Montrose,75,True,True,0,0,0,SB25-166,Upcoming,state,2026-07-01,ANAYLST,True,2,3,1,6,B,Acute=2 (higher-acuity (behavioral health unit); proxy) · Event=3 (SB25-166 Upcoming ≤12mo (2026-07-01)) · Gravity=1 (non-exec title: ANAYLST),False,True
060049,UCHEALTH YAMPA VALLEY MEDICAL CENTER,University of Colorado Health,12,CO,Oak Creek,39,True,False,0,0,0,SB25-166,Upcoming,state,2026-07-01,CFO,True,1,3,2,6,B,"Acute=1 (no AHRQ proxy signal; Tier-B will refine) · Event=3 (SB25-166 Upcoming ≤12mo (2026-07-01)) · Gravity=2 (CFO (beds=39, sys_facilities=12))",False,True
070011,CHARLOTTE HUNGERFORD HOSPITAL,Hartford Healthcare,10,CT,Torrington,109,True,True,0,0,0,PA 11-175; PA 24-19; PA 26-12,Upcoming,state,2026-10-01,Dietetian,True,2,3,1,6,B,Acute=2 (higher-acuity (behavioral health unit); proxy) · Event=3 (PA 11-175; PA 24-19; PA 26-12 Upcoming ≤12mo (2026-10-01)) · Gravity=1 (non-exec title: Dietetian),False,True
070034,NORWALK HOSPITAL,Nuvance Health,7,CT,Norwalk,328,True,True,1,0,0,PA 11-175; PA 24-19; PA 26-12,Upcoming,state,2026-10-01,specialist,True,2,3,1,6,B,"Acute=2 (higher-acuity (major teaching, behavioral health unit); proxy) · Event=3 (PA 11-175; PA 24-19; PA 26-12 Upcoming ≤12mo (2026-10-01)) · Gravity=1 (non-exec title: specialist)",False,True
190020,LANE REGIONAL MEDICAL CENTER,Quorum Health Corporation,39,LA,Zachary,140,True,False,0,0,0,R.S. 40:2199.11–.19 (Lynne Truxillo Act),In force,state,2022-08-01,Chief Executive Officer,True,1,3,2,6,B,"Acute=1 (no AHRQ proxy signal; Tier-B will refine) · Event=3 (R.S. 40:2199.11–.19 (Lynne Truxillo Act) In force) · Gravity=2 (Chief Executive Officer (beds=140, sys_facilities=39))",False,True
210005,FREDERICK HEALTH HOSPITAL,Frederick Regional Health System,1,MD,Frederick,248,True,False,0,0,0,Davis Martinez Public Employee Safety & Health Act,Upcoming,state,2026-10-01,"Director, Professional Fees Revenue",True,1,3,2,6,B,"Acute=1 (no AHRQ proxy signal; Tier-B will refine) · Event=3 (Davis Martinez Public Employee Safety &  Upcoming ≤12mo (2026-10-01)) · Gravity=2 (Director, Professional Fees Revenue (beds=248, sys_facilities=1))",False,True
380020,MCKENZIE-WILLAMETTE MEDICAL CENTER,Quorum Health Corporation,39,OR,Springfield,113,True,False,0,0,0,ORS 654.412 (HB2022) + SB537 (2025),In force,state,2026-01-01,Senior Vice President,True,1,3,2,6,B,"Acute=1 (no AHRQ proxy signal; Tier-B will refine) · Event=3 (ORS 654.412 (HB2022) + SB537 (2025) In force) · Gravity=2 (Senior Vice President (beds=113, sys_facilities=39))",False,True
220019,UMASS MEMORIAL HEALTH - HARRINGTON HOSPITAL,UMass Memorial Health Care,6,MA,Worcester,113,True,True,0,0,0,H.4767 / S.1718,Upcoming,state,,Genetic Counselor,True,2,2,1,4,C,Acute=2 (higher-acuity (behavioral health unit); proxy) · Event=2 (H.4767 / S.1718 Upcoming (no date)) · Gravity=1 (non-exec title: Genetic Counselor),False,True
220088,NEW ENGLAND BAPTIST HOSPITAL,Beth Israel Lahey Health,10,MA,Roxbury Crossing,118,False,False,0,0,0,H.4767 / S.1718,Upcoming,state,,President,True,1,2,2,4,C,"Acute=1 (no AHRQ proxy signal; Tier-B will refine) · Event=2 (H.4767 / S.1718 Upcoming (no date)) · Gravity=2 (President (beds=118, sys_facilities=10))",False,True
220100,SOUTH SHORE HOSPITAL,South Shore Health System,1,MA,Weymouth,284,True,False,0,0,0,H.4767 / S.1718,Upcoming,state,,Admin. Director,True,1,2,2,4,C,"Acute=1 (no AHRQ proxy signal; Tier-B will refine) · Event=2 (H.4767 / S.1718 Upcoming (no date)) · Gravity=2 (Admin. Director (beds=284, sys_facilities=1))",False,True
030069,HAVASU REGIONAL MEDICAL CENTER,Lifepoint Health,79,AZ,Lake Havasu City,152,True,False,0,0,0,ARS §36-420.03 (SB1311),In force,state,2023-07-01,Secretary,True,1,3,1,3,C,Acute=1 (no AHRQ proxy signal; Tier-B will refine) · Event=3 (ARS §36-420.03 (SB1311) In force) · Gravity=1 (non-exec title: Secretary),False,True
030153,EAST VALLEY ER & HOSPITAL,,,AZ,Gilbert,14,True,False,,,,ARS §36-420.03 (SB1311),In force,state,2023-07-01,Manager,True,1,3,1,3,C,Acute=1 (no AHRQ proxy signal; Tier-B will refine) · Event=3 (ARS §36-420.03 (SB1311) In force) · Gravity=1 (non-exec title: Manager),False,True
030155,EXCEPTIONAL COMMUNITY HOSPITAL BULLHEAD CITY,,,AZ,Bullhead City,8,True,False,,,,ARS §36-420.03 (SB1311),In force,state,2023-07-01,FINANCIAL ADVISOR,True,1,3,1,3,C,Acute=1 (no AHRQ proxy signal; Tier-B will refine) · Event=3 (ARS §36-420.03 (SB1311) In force) · Gravity=1 (non-exec title: FINANCIAL ADVISOR),False,True
050102,PARKVIEW COMMUNITY HOSPITAL MEDICAL CENTER,,,CA,Riverside,193,True,False,0,0,0,8 CCR §3342 / Labor Code §6401.8 (SB1299),In force,state,2018-04-01,Attorney,True,1,3,1,3,C,Acute=1 (no AHRQ proxy signal; Tier-B will refine) · Event=3 (8 CCR §3342 / Labor Code §6401.8 (SB1299 In force) · Gravity=1 (non-exec title: Attorney),False,True
050336,ADVENTIST HEALTH LODI MEMORIAL,Adventist Health,28,CA,Galt,190,True,False,0,0,0,8 CCR §3342 / Labor Code §6401.8 (SB1299),In force,state,2018-04-01,Finance Officer,True,1,3,1,3,C,Acute=1 (no AHRQ proxy signal; Tier-B will refine) · Event=3 (8 CCR §3342 / Labor Code §6401.8 (SB1299 In force) · Gravity=1 (non-exec title: Finance Officer),False,True
050512,KAISER FOUNDATION HOSPITAL - FREMONT,Kaiser Permanente,41,CA,Fremont,193,True,False,0,0,0,8 CCR §3342 / Labor Code §6401.8 (SB1299),In force,state,2018-04-01,SVP/Area Manager,True,1,3,1,3,C,Acute=1 (no AHRQ proxy signal; Tier-B will refine) · Event=3 (8 CCR §3342 / Labor Code §6401.8 (SB1299 In force) · Gravity=1 (non-exec title: SVP/Area Manager),False,True
060117,"ANIMAS SURGICAL HOSPITAL, LLC",,,CO,Durango,12,True,False,0,0,0,SB25-166,Upcoming,state,2026-07-01,Officer and Authorized Official,True,1,3,1,3,C,Acute=1 (no AHRQ proxy signal; Tier-B will refine) · Event=3 (SB25-166 Upcoming ≤12mo (2026-07-01)) · Gravity=1 (non-exec title: Officer and Authorized Official),False,True
063303,CHILDREN'S HOSPITAL COLORADO - COLORADO SPRINGS,,,CO,Colorado Springs,115,True,False,0,0,0,SB25-166,Upcoming,state,2026-07-01,ASSOCIATE COMPLIANCE OFFICER,True,1,3,1,3,C,Acute=1 (no AHRQ proxy signal; Tier-B will refine) · Event=3 (SB25-166 Upcoming ≤12mo (2026-07-01)) · Gravity=1 (non-exec title: ASSOCIATE COMPLIANCE OFFICER),False,True
064028,DENVER SPRINGS,,,CO,Englewood,96,False,False,0,0,0,SB25-166,Upcoming,state,2026-07-01,Secretary,True,1,3,1,3,C,Acute=1 (no AHRQ proxy signal; Tier-B will refine) · Event=3 (SB25-166 Upcoming ≤12mo (2026-07-01)) · Gravity=1 (non-exec title: Secretary),False,True
074008,NATCHAUG HOSPITAL,Hartford Healthcare,10,CT,Mansfield Center,60,False,False,0,0,0,PA 11-175; PA 24-19; PA 26-12,Upcoming,state,2026-10-01,Primary Therapist,True,1,3,1,3,C,Acute=1 (no AHRQ proxy signal; Tier-B will refine) · Event=3 (PA 11-175; PA 24-19; PA 26-12 Upcoming ≤12mo (2026-10-01)) · Gravity=1 (non-exec title: Primary Therapist),False,True
144010,CHICAGO READ MENTAL HEALTH CENTER,,,IL,Chicago,130,False,False,0,0,0,Health Care Violence Prevention Act 210 ILCS 160; HB3435 (2025),In force,state,2026-01-01,Reimbursement Officer I,True,1,3,1,3,C,Acute=1 (no AHRQ proxy signal; Tier-B will refine) · Event=3 (Health Care Violence Prevention Act 210  In force) · Gravity=1 (non-exec title: Reimbursement Officer I),False,True
144040,CHICAGO BEHAVIORAL HOSPITAL,,,IL,Des Plaines,125,False,False,0,0,0,Health Care Violence Prevention Act 210 ILCS 160; HB3435 (2025),In force,state,2026-01-01,Manager,True,1,3,1,3,C,Acute=1 (no AHRQ proxy signal; Tier-B will refine) · Event=3 (Health Care Violence Prevention Act 210  In force) · Gravity=1 (non-exec title: Manager),False,True
144041,SILVER OAKS BEHAVIORAL HOSPITAL,,,IL,New Lenox,100,True,False,0,0,0,Health Care Violence Prevention Act 210 ILCS 160; HB3435 (2025),In force,state,2026-01-01,Manager,True,1,3,1,3,C,Acute=1 (no AHRQ proxy signal; Tier-B will refine) · Event=3 (Health Care Violence Prevention Act 210  In force) · Gravity=1 (non-exec title: Manager),False,True
194008,EASTERN LA MENTAL HEALTH SYSTEM,,,LA,Jackson,334,False,False,0,0,0,R.S. 40:2199.11–.19 (Lynne Truxillo Act),In force,state,2022-08-01,Accountant Manager 3,True,1,3,1,3,C,Acute=1 (no AHRQ proxy signal; Tier-B will refine) · Event=3 (R.S. 40:2199.11–.19 (Lynne Truxillo Act) In force) · Gravity=1 (non-exec title: Accountant Manager 3),False,True
194083,FREEDOM BEHAVIORAL HOSPITAL OF BASTROP,,,LA,Bastrop,60,True,False,0,0,0,R.S. 40:2199.11–.19 (Lynne Truxillo Act),In force,state,2022-08-01,Manager,True,1,3,1,3,C,Acute=1 (no AHRQ proxy signal; Tier-B will refine) · Event=3 (R.S. 40:2199.11–.19 (Lynne Truxillo Act) In force) · Gravity=1 (non-exec title: Manager),False,True
194091,OCEANS BEHAVIORAL HOSPITAL OF KENTWOOD,,,LA,Hammond,52,False,False,0,0,0,R.S. 40:2199.11–.19 (Lynne Truxillo Act),In force,state,2022-08-01,C.E.O.,True,1,3,1,3,C,Acute=1 (no AHRQ proxy signal; Tier-B will refine) · Event=3 (R.S. 40:2199.11–.19 (Lynne Truxillo Act) In force) · Gravity=1 (non-exec title: C.E.O.),False,True
210057,ADVENTIST HEALTHCARE SHADY GROVE MEDICAL CENTER,Adventist Healthcare,6,MD,Rockville,331,True,False,0,0,0,Davis Martinez Public Employee Safety & Health Act,Upcoming,state,2026-10-01,Treasurer and Secretary,True,1,3,1,3,C,Acute=1 (no AHRQ proxy signal; Tier-B will refine) · Event=3 (Davis Martinez Public Employee Safety &  Upcoming ≤12mo (2026-10-01)) · Gravity=1 (non-exec title: Treasurer and Secretary),False,True
214018,SPRING GROVE HOSPITAL CENTER,,,MD,Catonsville,440,False,False,0,0,0,Davis Martinez Public Employee Safety & Health Act,Upcoming,state,2026-10-01,Superintendent,True,1,3,1,3,C,Acute=1 (no AHRQ proxy signal; Tier-B will refine) · Event=3 (Davis Martinez Public Employee Safety &  Upcoming ≤12mo (2026-10-01)) · Gravity=1 (non-exec title: Superintendent),False,True
340097,HUGH CHATHAM MEMORIAL HOSPITAL,,,NC,Elkin,81,True,False,0,0,0,HB125 (SL 2023-129); GS §14-34.6,In force,state,2023-10-01,VP,True,1,3,1,3,C,Acute=1 (no AHRQ proxy signal; Tier-B will refine) · Event=3 (HB125 (SL 2023-129); GS §14-34.6 In force) · Gravity=1 (non-exec title: VP),False,True
344032,TRIANGLE SPRINGS,,,NC,Raleigh,77,False,False,0,0,0,HB125 (SL 2023-129); GS §14-34.6,In force,state,2023-10-01,Secretary,True,1,3,1,3,C,Acute=1 (no AHRQ proxy signal; Tier-B will refine) · Event=3 (HB125 (SL 2023-129); GS §14-34.6 In force) · Gravity=1 (non-exec title: Secretary),False,True
344036,IREDELL DAVIS BEHAVIORAL HEALTH HOSPITAL,,,NC,Statesville,144,True,False,,,,HB125 (SL 2023-129); GS §14-34.6,In force,state,2023-10-01,Iredell Health System,True,1,3,1,3,C,Acute=1 (no AHRQ proxy signal; Tier-B will refine) · Event=3 (HB125 (SL 2023-129); GS §14-34.6 In force) · Gravity=1 (non-exec title: Iredell Health System),False,True
310047,SHORE MEDICAL CENTER,Shore Physicians Group,1,NJ,Egg Harbor Township,302,True,False,0,0,0,N.J.S.A. 26:2H-5.17 (Violence Prevention in Health Care Facilities Act),In force,state,,APN,True,1,3,1,3,C,Acute=1 (no AHRQ proxy signal; Tier-B will refine) · Event=3 (N.J.S.A. 26:2H-5.17 (Violence Prevention In force) · Gravity=1 (non-exec title: APN),False,True
310130,HACKENSACK MERIDIAN HEALTH PASCACK VALLEY MEDICAL,Ardent Health Services,31,NJ,Brick,128,True,False,0,0,0,N.J.S.A. 26:2H-5.17 (Violence Prevention in Health Care Facilities Act),In force,state,,Clinical Supervisor,True,1,3,1,3,C,Acute=1 (no AHRQ proxy signal; Tier-B will refine) · Event=3 (N.J.S.A. 26:2H-5.17 (Violence Prevention In force) · Gravity=1 (non-exec title: Clinical Supervisor),False,True
314012,HACKENSACK MERIDIAN HEALTH CARRIER CLINIC,Hackensack Meridian Health,13,NJ,Belle Mead,281,False,False,0,0,0,N.J.S.A. 26:2H-5.17 (Violence Prevention in Health Care Facilities Act),In force,state,,SENIOR VP,True,1,3,1,3,C,Acute=1 (no AHRQ proxy signal; Tier-B will refine) · Event=3 (N.J.S.A. 26:2H-5.17 (Violence Prevention In force) · Gravity=1 (non-exec title: SENIOR VP),False,True
330011,"OUR LADY OF LOURDES MEMORIAL HOSPITAL, INC",Ascension Health,120,NY,Binghamton,267,True,False,0,0,0,Ch.618/2025 (A203-B/S5294-B); Labor Law §27-b (public),Upcoming,state,2027-01-01,Residency/Fellowship ProgramManager,True,1,3,1,3,C,Acute=1 (no AHRQ proxy signal; Tier-B will refine) · Event=3 (Ch.618/2025 (A203-B/S5294-B); Labor Law  Upcoming ≤12mo (2027-01-01)) · Gravity=1 (non-exec title: Residency/Fellowship ProgramManager),False,True
330203,CROUSE HOSPITAL,Crouse Health System,1,NY,Syracuse,466,True,False,0,0,0,Ch.618/2025 (A203-B/S5294-B); Labor Law §27-b (public),Upcoming,state,2027-01-01,Nurse Practitioner,True,1,3,1,3,C,Acute=1 (no AHRQ proxy signal; Tier-B will refine) · Event=3 (Ch.618/2025 (A203-B/S5294-B); Labor Law  Upcoming ≤12mo (2027-01-01)) · Gravity=1 (non-exec title: Nurse Practitioner),False,True
330267,HUDSON VALLEY HOSPITAL CENTER,New York Presbyterian Healthcare System,8,NY,Cortlandt Manor,128,True,False,0,0,0,Ch.618/2025 (A203-B/S5294-B); Labor Law §27-b (public),Upcoming,state,2027-01-01,"Senior VP, Finance",True,1,3,1,3,C,"Acute=1 (no AHRQ proxy signal; Tier-B will refine) · Event=3 (Ch.618/2025 (A203-B/S5294-B); Labor Law  Upcoming ≤12mo (2027-01-01)) · Gravity=1 (non-exec title: Senior VP, Finance)",False,True
380037,PROVIDENCE NEWBERG MEDICAL CENTER,Providence,54,OR,Newberg,40,True,False,0,0,0,ORS 654.412 (HB2022) + SB537 (2025),In force,state,2026-01-01,ASSISTANT SECRETARY ENROLLMENTS,True,1,3,1,3,C,Acute=1 (no AHRQ proxy signal; Tier-B will refine) · Event=3 (ORS 654.412 (HB2022) + SB537 (2025) In force) · Gravity=1 (non-exec title: ASSISTANT SECRETARY ENROLLMENTS),False,True
380038,PROVIDENCE WILLAMETTE FALLS MEDICAL CENTER,Providence,54,OR,Oregon City,143,True,False,0,0,0,ORS 654.412 (HB2022) + SB537 (2025),In force,state,2026-01-01,ASSISTANT SECRETARY ENROLLMENTS,True,1,3,1,3,C,Acute=1 (no AHRQ proxy signal; Tier-B will refine) · Event=3 (ORS 654.412 (HB2022) + SB537 (2025) In force) · Gravity=1 (non-exec title: ASSISTANT SECRETARY ENROLLMENTS),False,True
384008,OREGON STATE HOSPITAL DISTINCT PART,,,OR,Salem,96,False,False,0,0,0,ORS 654.412 (HB2022) + SB537 (2025),In force,state,2026-01-01,Psychiatric Social Worker,True,1,3,1,3,C,Acute=1 (no AHRQ proxy signal; Tier-B will refine) · Event=3 (ORS 654.412 (HB2022) + SB537 (2025) In force) · Gravity=1 (non-exec title: Psychiatric Social Worker),False,True
450104,GUADALUPE REGIONAL MEDICAL CENTER,,,TX,Seguin,153,True,False,0,0,0,"SB240 (88R, 2023) → Health & Safety Code Ch. 331",In force,state,2024-09-01,Compliance/HIPAA Officer,True,1,3,1,3,C,"Acute=1 (no AHRQ proxy signal; Tier-B will refine) · Event=3 (SB240 (88R, 2023) → Health & Safety Code In force) · Gravity=1 (non-exec title: Compliance/HIPAA Officer)",False,True
450162,GRACE SURGICAL HOSPITAL,Providence,54,TX,Lubbock,123,True,False,0,0,0,"SB240 (88R, 2023) → Health & Safety Code Ch. 331",In force,state,2024-09-01,ASSISTANT SECRETARY OF ENROLLMENTS,True,1,3,1,3,C,"Acute=1 (no AHRQ proxy signal; Tier-B will refine) · Event=3 (SB240 (88R, 2023) → Health & Safety Code In force) · Gravity=1 (non-exec title: ASSISTANT SECRETARY OF ENROLLMENTS)",False,True
450864,BAYLOR SCOTT & WHITE TEXAS SPINE & JOINT HOSPITAL,Tenet Healthcare,77,TX,Palestine,18,True,False,0,0,0,"SB240 (88R, 2023) → Health & Safety Code Ch. 331",In force,state,2024-09-01,Officer / Authorized Official,True,1,3,1,3,C,"Acute=1 (no AHRQ proxy signal; Tier-B will refine) · Event=3 (SB240 (88R, 2023) → Health & Safety Code In force) · Gravity=1 (non-exec title: Officer / Authorized Official)",False,True
500014,PROVIDENCE REGIONAL MEDICAL CENTER EVERETT,Providence,54,WA,Everett,268,True,False,0,0,0,RCW 49.19 (HB1162/SB5162 2025),In force,state,2026-01-01,ASSISTANT SECREATRY FOR ENROLLMENT,True,1,3,1,3,C,Acute=1 (no AHRQ proxy signal; Tier-B will refine) · Event=3 (RCW 49.19 (HB1162/SB5162 2025) In force) · Gravity=1 (non-exec title: ASSISTANT SECREATRY FOR ENROLLMENT),False,True
500019,PROVIDENCE CENTRALIA HOSPITAL,Providence,54,WA,Centralia,191,True,False,0,0,0,RCW 49.19 (HB1162/SB5162 2025),In force,state,2026-01-01,ASSISTANT SECREATRY FOR ENROLLMENT,True,1,3,1,3,C,Acute=1 (no AHRQ proxy signal; Tier-B will refine) · Event=3 (RCW 49.19 (HB1162/SB5162 2025) In force) · Gravity=1 (non-exec title: ASSISTANT SECREATRY FOR ENROLLMENT),False,True
500058,KADLEC REGIONAL MEDICAL CENTER,Providence,54,WA,Richland,141,True,False,0,0,0,RCW 49.19 (HB1162/SB5162 2025),In force,state,2026-01-01,ASSISTANT SECREATRY FOR ENROLLMENT,True,1,3,1,3,C,Acute=1 (no AHRQ proxy signal; Tier-B will refine) · Event=3 (RCW 49.19 (HB1162/SB5162 2025) In force) · Gravity=1 (non-exec title: ASSISTANT SECREATRY FOR ENROLLMENT),False,True
030014,HONOR HEALTH JOHN C. LINCOLN MEDICAL CENTER,HonorHealth,7,AZ,Phoenix,262,True,False,0,0,0,ARS §36-420.03 (SB1311),In force,state,2023-07-01,,True,1,3,0,0,X,Acute=1 (no AHRQ proxy signal; Tier-B will refine) · Event=3 (ARS §36-420.03 (SB1311) In force) · Gravity=0 (no edm_seed (NPPES unmatched)),False,False
030022,VALLEYWISE HEALTH MEDICAL CENTER,Valleywise Health,1,AZ,Phoenix,758,False,True,1,1,1,ARS §36-420.03 (SB1311),In force,state,2023-07-01,,True,3,3,0,0,X,"Acute=3 (safety-net hospital (high DSH, high UC); proxy via AHRQ) · Event=3 (ARS §36-420.03 (SB1311) In force) · Gravity=0 (no edm_seed (NPPES unmatched))",False,False
030024,ST JOSEPHS HOSPITAL AND MEDICAL CENTER,CommonSpirit Health,145,AZ,Phoenix,586,True,True,1,1,0,ARS §36-420.03 (SB1311),In force,state,2023-07-01,,True,3,3,0,0,X,Acute=3 (safety-net hospital (high DSH); proxy via AHRQ) · Event=3 (ARS §36-420.03 (SB1311) In force) · Gravity=0 (no edm_seed (NPPES unmatched)),False,False
050002,ST ROSE HOSPITAL,,,CA,Hayward,129,False,False,0,1,0,8 CCR §3342 / Labor Code §6401.8 (SB1299),In force,state,2018-04-01,,True,3,3,0,0,X,Acute=3 (safety-net hospital (high DSH); proxy via AHRQ) · Event=3 (8 CCR §3342 / Labor Code §6401.8 (SB1299 In force) · Gravity=0 (no edm_seed (NPPES unmatched)),False,False
050007,PENINSULA MEDICAL CENTER,Sutter Health,27,CA,Burlingame,301,True,True,0,0,0,8 CCR §3342 / Labor Code §6401.8 (SB1299),In force,state,2018-04-01,,True,2,3,0,0,X,Acute=2 (higher-acuity (behavioral health unit); proxy) · Event=3 (8 CCR §3342 / Labor Code §6401.8 (SB1299 In force) · Gravity=0 (no edm_seed (NPPES unmatched)),False,False
050008,CALIFORNIA PACIFIC MEDICAL CTR-DAVIES CAMPUS HOSP,Sutter Health,27,CA,San Francisco,125,False,True,0,0,1,8 CCR §3342 / Labor Code §6401.8 (SB1299),In force,state,2018-04-01,,True,3,3,0,0,X,Acute=3 (safety-net hospital (high UC); proxy via AHRQ) · Event=3 (8 CCR §3342 / Labor Code §6401.8 (SB1299 In force) · Gravity=0 (no edm_seed (NPPES unmatched)),False,False
060008,SAN LUIS VALLEY REGIONAL  MEDICAL CENTER,Conejos County Hospital Corporation,2,CO,Alamosa,59,True,False,0,1,0,SB25-166,Upcoming,state,2026-07-01,,True,3,3,0,0,X,Acute=3 (safety-net hospital (high DSH); proxy via AHRQ) · Event=3 (SB25-166 Upcoming ≤12mo (2026-07-01)) · Gravity=0 (no edm_seed (NPPES unmatched)),False,False
060009,LUTHERAN MEDICAL CENTER,Intermountain Healthcare,33,CO,Wheat Ridge,338,True,True,0,0,0,SB25-166,Upcoming,state,2026-07-01,,True,2,3,0,0,X,Acute=2 (higher-acuity (behavioral health unit); proxy) · Event=3 (SB25-166 Upcoming ≤12mo (2026-07-01)) · Gravity=0 (no edm_seed (NPPES unmatched)),False,False
060012,ST MARY-CORWIN HOSPITAL,CommonSpirit Health,145,CO,Pueblo,408,False,True,1,0,1,SB25-166,Upcoming,state,2026-07-01,,True,3,3,0,0,X,Acute=3 (safety-net hospital (high UC); proxy via AHRQ) · Event=3 (SB25-166 Upcoming ≤12mo (2026-07-01)) · Gravity=0 (no edm_seed (NPPES unmatched)),False,False
070002,ST FRANCIS HOSPITAL & MEDICAL CENTER,Trinity Health,105,CT,Hartford,617,True,True,1,0,0,PA 11-175; PA 24-19; PA 26-12,Upcoming,state,2026-10-01,,True,2,3,0,0,X,"Acute=2 (higher-acuity (major teaching, behavioral health unit); proxy) · Event=3 (PA 11-175; PA 24-19; PA 26-12 Upcoming ≤12mo (2026-10-01)) · Gravity=0 (no edm_seed (NPPES unmatched))",False,False
070008,JOHNSON MEMORIAL HOSPITAL,Trinity Health,105,CT,Stafford Springs,92,True,True,0,0,0,PA 11-175; PA 24-19; PA 26-12,Upcoming,state,2026-10-01,,True,2,3,0,0,X,Acute=2 (higher-acuity (behavioral health unit); proxy) · Event=3 (PA 11-175; PA 24-19; PA 26-12 Upcoming ≤12mo (2026-10-01)) · Gravity=0 (no edm_seed (NPPES unmatched)),False,False
070016,SAINT MARY'S HOSPITAL,Trinity Health,105,CT,Waterbury,347,True,True,1,0,0,PA 11-175; PA 24-19; PA 26-12,Upcoming,state,2026-10-01,,True,2,3,0,0,X,"Acute=2 (higher-acuity (major teaching, behavioral health unit); proxy) · Event=3 (PA 11-175; PA 24-19; PA 26-12 Upcoming ≤12mo (2026-10-01)) · Gravity=0 (no edm_seed (NPPES unmatched))",False,False
100001,SHANDS JACKSONVILLE,UF Health,5,FL,Jacksonville,715,True,False,1,1,0,H.R.2531 / S.1232 (119th),In force,federal,2025-04-01,Chief Financial Officer,True,3,0,3,0,X,Acute=3 (safety-net hospital (high DSH); proxy via AHRQ) · Event=0 (no state-specific mandate (scope=federal)) · Gravity=3 (Chief Financial Officer at 715-bed system facility (5-facility)),False,True
100002,BETHESDA HOSPITAL EAST,Baptist Health South Florida,9,FL,Boynton Beach,481,True,True,0,0,1,H.R.2531 / S.1232 (119th),In force,federal,2025-04-01,,True,3,0,0,0,X,Acute=3 (safety-net hospital (high UC); proxy via AHRQ) · Event=0 (no state-specific mandate (scope=federal)) · Gravity=0 (no edm_seed (NPPES unmatched)),False,False
100006,ORLANDO HEALTH,Orlando Health,5,FL,Orlando,2024,True,True,0,1,0,H.R.2531 / S.1232 (119th),In force,federal,2025-04-01,"Medical Director, PICU",True,3,0,3,0,X,"Acute=3 (safety-net hospital (high DSH); proxy via AHRQ) · Event=0 (no state-specific mandate (scope=federal)) · Gravity=3 (Medical Director, PICU at 2024-bed system facility (5-facility))",False,True
140008,LOYOLA GOTTLIEB MEMORIAL HOSPITAL,Trinity Health,105,IL,Melrose Park,274,True,True,0,0,1,Health Care Violence Prevention Act 210 ILCS 160; HB3435 (2025),In force,state,2026-01-01,,True,3,3,0,0,X,Acute=3 (safety-net hospital (high UC); proxy via AHRQ) · Event=3 (Health Care Violence Prevention Act 210  In force) · Gravity=0 (no edm_seed (NPPES unmatched)),False,False
140029,COPLEY MEMORIAL HOSPITAL,Rush System for Health,3,IL,Aurora,210,True,False,0,0,1,Health Care Violence Prevention Act 210 ILCS 160; HB3435 (2025),In force,state,2026-01-01,,True,3,3,0,0,X,Acute=3 (safety-net hospital (high UC); proxy via AHRQ) · Event=3 (Health Care Violence Prevention Act 210  In force) · Gravity=0 (no edm_seed (NPPES unmatched)),False,False
140032,ST ANTHONYS MEMORIAL HOSPITAL,Hospital Sisters Health System,17,IL,Effingham,146,True,False,0,0,0,Health Care Violence Prevention Act 210 ILCS 160; HB3435 (2025),In force,state,2026-01-01,,True,1,3,0,0,X,Acute=1 (no AHRQ proxy signal; Tier-B will refine) · Event=3 (Health Care Violence Prevention Act 210  In force) · Gravity=0 (no edm_seed (NPPES unmatched)),False,False
190002,OCHSNER LAFAYETTE GENERAL MEDICAL CENTER,Ochsner Health System,36,LA,Lafayette,526,True,True,0,1,0,R.S. 40:2199.11–.19 (Lynne Truxillo Act),In force,state,2022-08-01,,True,3,3,0,0,X,Acute=3 (safety-net hospital (high DSH); proxy via AHRQ) · Event=3 (R.S. 40:2199.11–.19 (Lynne Truxillo Act) In force) · Gravity=0 (no edm_seed (NPPES unmatched)),False,False
190006,OCHSNER UNIVERSITY HOSPITAL AND CLINICS,Ochsner Health System,36,LA,Lafayette,116,True,True,1,1,0,R.S. 40:2199.11–.19 (Lynne Truxillo Act),In force,state,2022-08-01,,True,3,3,0,0,X,Acute=3 (safety-net hospital (high DSH); proxy via AHRQ) · Event=3 (R.S. 40:2199.11–.19 (Lynne Truxillo Act) In force) · Gravity=0 (no edm_seed (NPPES unmatched)),False,False
190008,TERREBONNE GENERAL MEDICAL CENTER - PARISH,,,LA,Houma,315,True,False,0,0,0,R.S. 40:2199.11–.19 (Lynne Truxillo Act),In force,state,2022-08-01,,True,1,3,0,0,X,Acute=1 (no AHRQ proxy signal; Tier-B will refine) · Event=3 (R.S. 40:2199.11–.19 (Lynne Truxillo Act) In force) · Gravity=0 (no edm_seed (NPPES unmatched)),False,False
220001,UMASS MEMORIAL HEALTHALLIANCE HOSPITALS,UMass Memorial Health Care,6,MA,Leominster,150,True,True,0,0,0,H.4767 / S.1718,Upcoming,state,,,True,2,2,0,0,X,Acute=2 (higher-acuity (behavioral health unit); proxy) · Event=2 (H.4767 / S.1718 Upcoming (no date)) · Gravity=0 (no edm_seed (NPPES unmatched)),False,False
220015,"COOLEY DICKINSON HOSPITAL INC,THE",Mass General Brigham,15,MA,Northampton,142,True,True,0,0,0,H.4767 / S.1718,Upcoming,state,,,True,2,2,0,0,X,Acute=2 (higher-acuity (behavioral health unit); proxy) · Event=2 (H.4767 / S.1718 Upcoming (no date)) · Gravity=0 (no edm_seed (NPPES unmatched)),False,False
220017,CARNEY HOSPITAL,Steward Health Care System,36,MA,Boston,135,True,True,1,1,1,H.4767 / S.1718,Upcoming,state,,,True,3,2,0,0,X,"Acute=3 (safety-net hospital (high DSH, high UC); proxy via AHRQ) · Event=2 (H.4767 / S.1718 Upcoming (no date)) · Gravity=0 (no edm_seed (NPPES unmatched))",False,False
210001,MERITUS MEDICAL CENTER,Meritus Health,1,MD,Hagerstown,271,True,False,0,0,0,Davis Martinez Public Employee Safety & Health Act,Upcoming,state,2026-10-01,,True,1,3,0,0,X,Acute=1 (no AHRQ proxy signal; Tier-B will refine) · Event=3 (Davis Martinez Public Employee Safety &  Upcoming ≤12mo (2026-10-01)) · Gravity=0 (no edm_seed (NPPES unmatched)),False,False
210003,UNIVERSITY OF MD CAPITAL REGION MEDICAL CENTER,University of Maryland Medical System,13,MD,Upper Marlboro,224,True,True,0,1,0,Davis Martinez Public Employee Safety & Health Act,Upcoming,state,2026-10-01,,True,3,3,0,0,X,Acute=3 (safety-net hospital (high DSH); proxy via AHRQ) · Event=3 (Davis Martinez Public Employee Safety &  Upcoming ≤12mo (2026-10-01)) · Gravity=0 (no edm_seed (NPPES unmatched)),False,False
210018,MEDSTAR MONTGOMERY MEDICAL CENTER,MedStar Health,10,MD,Olney,165,True,True,0,0,0,Davis Martinez Public Employee Safety & Health Act,Upcoming,state,2026-10-01,,True,2,3,0,0,X,Acute=2 (higher-acuity (behavioral health unit); proxy) · Event=3 (Davis Martinez Public Employee Safety &  Upcoming ≤12mo (2026-10-01)) · Gravity=0 (no edm_seed (NPPES unmatched)),False,False
340002,MEMORIAL MISSION HOSPITAL AND ASHEVILLE SURGERY CE,HCA Healthcare,185,NC,Asheville,730,True,True,0,0,0,HB125 (SL 2023-129); GS §14-34.6,In force,state,2023-10-01,,True,2,3,0,0,X,Acute=2 (higher-acuity (behavioral health unit); proxy) · Event=3 (HB125 (SL 2023-129); GS §14-34.6 In force) · Gravity=0 (no edm_seed (NPPES unmatched)),False,False
340017,PARDEE HOSPITAL HENDERSON COUNTY,UNC Health Care System,15,NC,Hendersonville,222,True,True,0,0,0,HB125 (SL 2023-129); GS §14-34.6,In force,state,2023-10-01,,True,2,3,0,0,X,Acute=2 (higher-acuity (behavioral health unit); proxy) · Event=3 (HB125 (SL 2023-129); GS §14-34.6 In force) · Gravity=0 (no edm_seed (NPPES unmatched)),False,False
340039,IREDELL MEMORIAL HOSPITAL INC,Iredell Health System,1,NC,Statesville,247,True,False,0,0,0,HB125 (SL 2023-129); GS §14-34.6,In force,state,2023-10-01,,True,1,3,0,0,X,Acute=1 (no AHRQ proxy signal; Tier-B will refine) · Event=3 (HB125 (SL 2023-129); GS §14-34.6 In force) · Gravity=0 (no edm_seed (NPPES unmatched)),False,False
310006,ST MARY'S GENERAL HOSPITAL,Prime Healthcare Services,45,NJ,Passaic,286,True,True,1,1,0,N.J.S.A. 26:2H-5.17 (Violence Prevention in Health Care Facilities Act),In force,state,,,True,3,3,0,0,X,Acute=3 (safety-net hospital (high DSH); proxy via AHRQ) · Event=3 (N.J.S.A. 26:2H-5.17 (Violence Prevention In force) · Gravity=0 (no edm_seed (NPPES unmatched)),False,False
310010,UNIVERSITY MEDICAL CENTER OF PRINCETON AT PLAINSBORO,University of Pennsylvania Health System,9,NJ,Plainsboro,375,True,True,0,0,0,N.J.S.A. 26:2H-5.17 (Violence Prevention in Health Care Facilities Act),In force,state,,,True,2,3,0,0,X,Acute=2 (higher-acuity (behavioral health unit); proxy) · Event=3 (N.J.S.A. 26:2H-5.17 (Violence Prevention In force) · Gravity=0 (no edm_seed (NPPES unmatched)),False,False
310019,ST JOSEPH'S UNIVERSITY MEDICAL CENTER INC,Saint Josephs Health,2,NJ,Paterson,566,False,False,1,1,0,N.J.S.A. 26:2H-5.17 (Violence Prevention in Health Care Facilities Act),In force,state,,,True,3,3,0,0,X,Acute=3 (safety-net hospital (high DSH); proxy via AHRQ) · Event=3 (N.J.S.A. 26:2H-5.17 (Violence Prevention In force) · Gravity=0 (no edm_seed (NPPES unmatched)),False,False
330006,ST JOSEPH'S MEDICAL CENTER,Saint Joseph Medical Center,1,NY,Yonkers,332,True,True,0,1,0,Ch.618/2025 (A203-B/S5294-B); Labor Law §27-b (public),Upcoming,state,2027-01-01,,True,3,3,0,0,X,Acute=3 (safety-net hospital (high DSH); proxy via AHRQ) · Event=3 (Ch.618/2025 (A203-B/S5294-B); Labor Law  Upcoming ≤12mo (2027-01-01)) · Gravity=0 (no edm_seed (NPPES unmatched)),False,False
330009,BRONXCARE HOSPITAL CENTER,BronxCare Health System,1,NY,Bronx,579,True,True,1,1,0,Ch.618/2025 (A203-B/S5294-B); Labor Law §27-b (public),Upcoming,state,2027-01-01,,True,3,3,0,0,X,Acute=3 (safety-net hospital (high DSH); proxy via AHRQ) · Event=3 (Ch.618/2025 (A203-B/S5294-B); Labor Law  Upcoming ≤12mo (2027-01-01)) · Gravity=0 (no edm_seed (NPPES unmatched)),False,False
330033,CHENANGO MEMORIAL HOSPITAL,United Health Services,3,NY,Norwich,58,True,False,0,0,0,Ch.618/2025 (A203-B/S5294-B); Labor Law §27-b (public),Upcoming,state,2027-01-01,,True,1,3,0,0,X,Acute=1 (no AHRQ proxy signal; Tier-B will refine) · Event=3 (Ch.618/2025 (A203-B/S5294-B); Labor Law  Upcoming ≤12mo (2027-01-01)) · Gravity=0 (no edm_seed (NPPES unmatched)),False,False
380002,ASANTE THREE RIVERS MEDICAL CENTER,Asante Health System,3,OR,Grants Pass,150,True,False,0,1,0,ORS 654.412 (HB2022) + SB537 (2025),In force,state,2026-01-01,,True,3,3,0,0,X,Acute=3 (safety-net hospital (high DSH); proxy via AHRQ) · Event=3 (ORS 654.412 (HB2022) + SB537 (2025) In force) · Gravity=0 (no edm_seed (NPPES unmatched)),False,False
380007,LEGACY EMANUEL MEDICAL CENTER,Legacy Health,7,OR,Portland,554,True,True,0,1,1,ORS 654.412 (HB2022) + SB537 (2025),In force,state,2026-01-01,,True,3,3,0,0,X,"Acute=3 (safety-net hospital (high DSH, high UC); proxy via AHRQ) · Event=3 (ORS 654.412 (HB2022) + SB537 (2025) In force) · Gravity=0 (no edm_seed (NPPES unmatched))",False,False
380009,OHSU HOSPITAL AND CLINICS,Oregon Health and Science University,2,OR,Portland,560,True,False,1,1,0,ORS 654.412 (HB2022) + SB537 (2025),In force,state,2026-01-01,,True,3,3,0,0,X,Acute=3 (safety-net hospital (high DSH); proxy via AHRQ) · Event=3 (ORS 654.412 (HB2022) + SB537 (2025) In force) · Gravity=0 (no edm_seed (NPPES unmatched)),False,False
450002,THE HOSPITALS OF PROVIDENCE - MEMORIAL CAMPUS,Tenet Healthcare,77,TX,El Paso,486,True,True,0,1,0,"SB240 (88R, 2023) → Health & Safety Code Ch. 331",In force,state,2024-09-01,,True,3,3,0,0,X,"Acute=3 (safety-net hospital (high DSH); proxy via AHRQ) · Event=3 (SB240 (88R, 2023) → Health & Safety Code In force) · Gravity=0 (no edm_seed (NPPES unmatched))",False,False
450010,UNITED REGIONAL HEALTH CARE SYSTEM,United Regional Health Care System,1,TX,Wichita Falls,565,True,True,0,0,0,"SB240 (88R, 2023) → Health & Safety Code Ch. 331",In force,state,2024-09-01,,True,2,3,0,0,X,"Acute=2 (higher-acuity (behavioral health unit); proxy) · Event=3 (SB240 (88R, 2023) → Health & Safety Code In force) · Gravity=0 (no edm_seed (NPPES unmatched))",False,False
450011,CHI ST JOSEPH HEALTH REGIONAL HOSPITAL,CommonSpirit Health,145,TX,Bryan,316,True,True,0,0,0,"SB240 (88R, 2023) → Health & Safety Code Ch. 331",In force,state,2024-09-01,,True,2,3,0,0,X,"Acute=2 (higher-acuity (behavioral health unit); proxy) · Event=3 (SB240 (88R, 2023) → Health & Safety Code In force) · Gravity=0 (no edm_seed (NPPES unmatched))",False,False
500016,CONFLUENCE HEALTH HOSPITAL,Confluence Health,3,WA,Wenatchee,198,True,True,0,0,0,RCW 49.19 (HB1162/SB5162 2025),In force,state,2026-01-01,,True,2,3,0,0,X,Acute=2 (higher-acuity (behavioral health unit); proxy) · Event=3 (RCW 49.19 (HB1162/SB5162 2025) In force) · Gravity=0 (no edm_seed (NPPES unmatched)),False,False
500036,YAKIMA VALLEY MEMORIAL,Multicare Health System,11,WA,Yakima,218,True,True,0,1,0,RCW 49.19 (HB1162/SB5162 2025),In force,state,2026-01-01,,True,3,3,0,0,X,Acute=3 (safety-net hospital (high DSH); proxy via AHRQ) · Event=3 (RCW 49.19 (HB1162/SB5162 2025) In force) · Gravity=0 (no edm_seed (NPPES unmatched)),False,False
500052,KAISER PERMANENTE CENTRAL HOSPITAL,,,WA,Seattle,346,True,False,,,,RCW 49.19 (HB1162/SB5162 2025),In force,state,2026-01-01,,True,1,3,0,0,X,Acute=1 (no AHRQ proxy signal; Tier-B will refine) · Event=3 (RCW 49.19 (HB1162/SB5162 2025) In force) · Gravity=0 (no edm_seed (NPPES unmatched)),False,False
